anime,content_value,discussion_value,influence_value,industry_value,total_score,douban_score,negative_ratio
番剧A,0.6666667469277979,1.0,0.6666666666666666,1.0,0.8333333533986161,9.2,0.05
番剧B,0.7818023261990841,0.7348425325322724,0.6531942026609109,0.5574826700880631,0.6818304328700826,8.5,0.1
番剧C,0.0,0.0,0.3333333333333333,0.0,0.06666666666666667,6.5,0.45
