movie,content_value,discussion_value,influence_value,industry_value,total_score,douban_score,negative_ratio
电影 A,0.9607357702659247,1.0,0.6666666666666666,1.0,0.9068506092331479,8.5,0.1
电影 B,0.6395971315711009,0.8653116398421963,0.7266185702932013,0.7576432749669775,0.747292654168369,7.9,0.2
电影 C,0.25,0.0,0.3333333333333333,0.0,0.11666666666666665,5.8,0.35
